[
  {
    "id": "m1",
    "title": "Inception",
    "publishingYear": 2010,
    "posterPath": "/uploads/1759042415650-jgTQec.jpg"
  },
  {
    "id": "m2",
    "title": "The Matrix",
    "publishingYear": 1999,
    "posterPath": "/uploads/1759042415650-jgTQec.jpg"
  },
  {
    "id": "m3",
    "title": "Interstellar",
    "publishingYear": 2014,
    "posterPath": "/uploads/1759042415650-jgTQec.jpg"
  },
  {
    "id": "rPNZD9Lvt_hpPBBrSlkex",
    "title": "sahoo",
    "publishingYear": 2020,
    "posterPath": "/uploads/1759042415650-jgTQec.jpg"
  },
  {
    "id": "y6kLkoKobiMIBtcD_f5ZT",
    "title": "glaxy",
    "publishingYear": 2023,
    "posterPath": "/uploads/1759043097987-dO0SI3.jpeg"
  },
  {
    "id": "N8y95gcuVqx7TfaF2dCPF",
    "title": "haafkb",
    "publishingYear": 2020,
    "posterPath": "/uploads/1759043584193-9S-Mdl.jpeg"
  },
  {
    "id": "doftptjR1lqsvKwXnW9EA",
    "title": "cars",
    "publishingYear": 2021,
    "posterPath": "/uploads/1759043602948-BhvzlJ.svg"
  },
  {
    "id": "rrbbsragGG6JYm8MYYqqr",
    "title": "Kalki",
    "publishingYear": 2024,
    "posterPath": "/uploads/1759055375015-6b3eov.avif"
  },
  {
    "id": "LNfdovFdhwmegc4-Mh6UB",
    "title": "kalkoi",
    "publishingYear": 2002,
    "posterPath": "/uploads/1759055097922-FZME8p.jpg"
  }
]